Trait	X_ID	s2	ML_logLik	cage.ML	beta.1	beta.2	REML_logLik	cage.REML	F.1	n_steps	Df_X	p_value_REML
y	1_40595554	0.0438136307462852	6.68025097031617	0	0.813220046376147	-0.261353990844037	5.39031773096486	0	34.8578748525778	1	1	8.46850017634817e-07
y	1_41987245	0.0439767974776627	6.60776573496906	0	0.827173299248968	-0.282747649886874	5.32154968717401	0	34.591261200927	1	1	9.08763816642626e-07
y	1_42044011	0.0427399842105359	7.16404777915877	0	0.964148243311366	-0.30013708291215	5.84930444704631	0	36.662975154481	1	1	5.28950422702883e-07
y	1_42260929	0.0416324775083713	7.67600679397806	0	0.862709616077321	-0.28427461576031	6.33500915341333	0	38.6225567976482	1	1	3.2164915939999e-07
y	6_118519418	0.0440138332924135	6.59135038656275	0	0.738460970991745	-0.246693660741015	5.3059761515065	0	34.5310201246724	1	1	9.23403949906612e-07
y	7_29506084	0.0440283555187603	6.58491748387929	0	1.37749579731884	-0.49616322621851	5.29987314126834	0	34.5074264734263	1	1	9.29205462510017e-07
y	9_68750520	0.0432815459755388	6.91851404079968	0	1.29352379237932	-0.456110053879316	5.61636218244922	0	35.7412647594192	1	1	6.71608206260043e-07
y	15_21790801	0.0431958867090657	6.95714507298163	0	1.06547714512648	-0.345651006577075	5.65301213605774	0	35.88551375756	1	1	6.4683882745446e-07
y	15_21797504	0.0421124038067719	7.4525026197321	0	0.997143066381896	-0.321392960036368	6.1229667316928	0	37.7607381770346	1	1	3.99635202334703e-07
y	15_21797508	0.0441311532975816	6.53944178596691	0	0.985922643930925	-0.311787522529608	5.25672953042839	0	34.3408592287154	1	1	9.71273541442771e-07
y	17_88356194	0.0440471542431022	6.57659337355112	0	1.05364991929057	-0.363805211851833	5.2919759083929	0	34.4769080796325	1	1	9.36766837700764e-07
y	19_26372029	0.0423473079563669	7.34403332395728	0	0.2769053167987	0.318044516773446	6.02005996390643	0	37.3460339497272	1	1	4.44055156271697e-07
